accuracy,roc_auc,brier,prevalence,majority_accuracy,sensitivity,specificity,pred_positive_rate,mean_predicted,split
0.6630824372759857,0.6330195061449995,0.21911610842952298,0.6487455197132617,0.6487455197132617,0.8729281767955801,0.2755102040816326,0.8207885304659498,0.6458960960369479,0
0.6845878136200717,0.7098601871687902,0.2039046023639765,0.6487455197132617,0.6487455197132617,0.9613259668508287,0.17346938775510204,0.9139784946236559,0.6556368933686164,1
0.6559139784946236,0.6500451009132935,0.21536793502207005,0.6487455197132617,0.6487455197132617,0.8950276243093923,0.21428571428571427,0.8566308243727598,0.6495996750661949,2
0.6917562724014337,0.7546792197542,0.19601752796633487,0.6487455197132617,0.6487455197132617,0.9337016574585635,0.24489795918367346,0.8709677419354839,0.6448060227836652,3
0.6738351254480287,0.6751042958619912,0.21116295086607054,0.6487455197132617,0.6487455197132617,0.9171270718232044,0.22448979591836735,0.8673835125448028,0.6546018659148317,4
0.6415770609318996,0.6241402638403427,0.22106275011697485,0.6487455197132617,0.6487455197132617,0.8839779005524862,0.19387755102040816,0.8566308243727598,0.6577913616683048,5
0.6415770609318996,0.6208140714849476,0.22269336890655692,0.6487455197132617,0.6487455197132617,0.8784530386740331,0.20408163265306123,0.8494623655913979,0.6520617563861647,6
0.6630824372759857,0.6831097079715864,0.2081854884598811,0.6487455197132617,0.6487455197132617,0.9226519337016574,0.1836734693877551,0.8853046594982079,0.6531561001565476,7
0.6415770609318996,0.6354436802345247,0.21807929548753918,0.6487455197132617,0.6487455197132617,0.8895027624309392,0.1836734693877551,0.8637992831541219,0.6529755043371844,8
0.6845878136200717,0.712848122674484,0.20208906510149613,0.6487455197132617,0.6487455197132617,0.9392265193370166,0.21428571428571427,0.8853046594982079,0.6442976676207127,9
0.6845878136200717,0.6606156274664562,0.21257560515894128,0.6487455197132617,0.6487455197132617,0.9392265193370166,0.21428571428571427,0.8853046594982079,0.6474535168553516,10
0.6702508960573477,0.6709606494531514,0.20838563573270477,0.6487455197132617,0.6487455197132617,0.9171270718232044,0.21428571428571427,0.8709677419354839,0.6566143638075999,11
0.6845878136200717,0.671834479648213,0.20850380288773748,0.6487455197132617,0.6487455197132617,0.9005524861878453,0.2857142857142857,0.8351254480286738,0.639418346763771,12
0.6810035842293907,0.6991769083323938,0.20484236602069947,0.6487455197132617,0.6487455197132617,0.9447513812154696,0.19387755102040816,0.8960573476702509,0.6672063534725945,13
0.6953405017921147,0.7343556207013191,0.1965616359034612,0.6487455197132617,0.6487455197132617,0.9337016574585635,0.25510204081632654,0.8673835125448028,0.6463555883135371,14
0.6774193548387096,0.6559082196414477,0.2121704480987932,0.6487455197132617,0.6487455197132617,0.9171270718232044,0.23469387755102042,0.8637992831541219,0.6437667976085503,15
0.6845878136200717,0.6844345472995828,0.20532566031667582,0.6487455197132617,0.6487455197132617,0.9060773480662984,0.2755102040816326,0.8422939068100358,0.6361161169502184,16
0.6702508960573477,0.6239993234863006,0.2186458623080175,0.6487455197132617,0.6487455197132617,0.8950276243093923,0.25510204081632654,0.8422939068100358,0.6525839733994393,17
0.6738351254480287,0.6654921637163151,0.21072803860009412,0.6487455197132617,0.6487455197132617,0.8950276243093923,0.2653061224489796,0.8387096774193549,0.6435562569433483,18
0.6272401433691757,0.6045495546284811,0.22716401265630384,0.6487455197132617,0.6487455197132617,0.8342541436464088,0.24489795918367346,0.8064516129032258,0.6422259347004815,19
0.6845878136200717,0.7052091554853986,0.20517650606891272,0.6487455197132617,0.6487455197132617,0.9337016574585635,0.22448979591836735,0.8781362007168458,0.6591691332741839,20
0.6702508960573477,0.6857311985567709,0.20744421909412616,0.6487455197132617,0.6487455197132617,0.8895027624309392,0.2653061224489796,0.8351254480286738,0.6546300236751179,21
0.6810035842293907,0.6631525538392152,0.21196712562665568,0.6487455197132617,0.6487455197132617,0.9171270718232044,0.24489795918367346,0.8602150537634409,0.6367326262647155,22
0.6702508960573477,0.6818130567143984,0.2061165746849128,0.6487455197132617,0.6487455197132617,0.9005524861878453,0.24489795918367346,0.8494623655913979,0.6556297500217919,23
0.6559139784946236,0.6425752621490586,0.21728900321117198,0.6487455197132617,0.6487455197132617,0.8729281767955801,0.25510204081632654,0.8279569892473119,0.6534584073639509,24
0.6523297491039427,0.6614894576615176,0.21358747547994408,0.6487455197132617,0.6487455197132617,0.8895027624309392,0.21428571428571427,0.8530465949820788,0.6467022532365817,25
0.6774193548387096,0.6351899875972489,0.2184257367654012,0.6487455197132617,0.6487455197132617,0.8950276243093923,0.2755102040816326,0.8351254480286738,0.6457392844054669,26
0.6451612903225806,0.6259161123012741,0.2207211673252497,0.6487455197132617,0.6487455197132617,0.8895027624309392,0.19387755102040816,0.8602150537634409,0.6475591924445677,27
0.6702508960573477,0.7011782613597927,0.20417487127099831,0.6487455197132617,0.6487455197132617,0.9281767955801105,0.19387755102040816,0.8853046594982079,0.6543471064613127,28
0.6738351254480287,0.6501578531965273,0.21367878907685808,0.6487455197132617,0.6487455197132617,0.9005524861878453,0.25510204081632654,0.8458781362007168,0.6453231013790905,29
0.6559139784946236,0.6570357424737852,0.2144183081036201,0.6487455197132617,0.6487455197132617,0.8839779005524862,0.23469387755102042,0.8422939068100358,0.6415233133687042,30
0.6308243727598566,0.5552486187845305,0.23699874082682845,0.6487455197132617,0.6487455197132617,0.8839779005524862,0.16326530612244897,0.8673835125448028,0.6659371416056813,31
0.6738351254480287,0.6862949599729394,0.20550296098876814,0.6487455197132617,0.6487455197132617,0.9281767955801105,0.20408163265306123,0.8817204301075269,0.651448319216556,32
0.6953405017921147,0.6718626677190214,0.21055106087549189,0.6487455197132617,0.6487455197132617,0.9116022099447514,0.29591836734693877,0.8387096774193549,0.6427448845236748,33
0.6845878136200717,0.7003326192355395,0.20454314883374505,0.6487455197132617,0.6487455197132617,0.9502762430939227,0.19387755102040816,0.899641577060932,0.6521026284081916,34
0.6451612903225806,0.6389390010147704,0.21734779370974602,0.6487455197132617,0.6487455197132617,0.861878453038674,0.24489795918367346,0.8243727598566308,0.6509756287295971,35
0.6523297491039427,0.6721163603562972,0.20907401220057256,0.6487455197132617,0.6487455197132617,0.8950276243093923,0.20408163265306123,0.8602150537634409,0.6495491687639197,36
0.6917562724014337,0.6767392039688803,0.20738260428648653,0.6487455197132617,0.6487455197132617,0.9060773480662984,0.29591836734693877,0.8351254480286738,0.644723013460628,37
0.6594982078853047,0.6536249859059646,0.21387682654746315,0.6487455197132617,0.6487455197132617,0.9116022099447514,0.19387755102040816,0.8745519713261649,0.669044079659401,38
0.6487455197132617,0.6530330364189874,0.214147348315259,0.6487455197132617,0.6487455197132617,0.9060773480662984,0.17346938775510204,0.8781362007168458,0.6624457140592647,39
0.6666666666666666,0.6616303980155599,0.2133758089186763,0.6487455197132617,0.6487455197132617,0.9502762430939227,0.14285714285714285,0.9175627240143369,0.669809553022775,40
0.6989247311827957,0.7517758484609313,0.198035941931742,0.6487455197132617,0.6487455197132617,0.9558011049723757,0.22448979591836735,0.8924731182795699,0.6459241062961882,41
0.6738351254480287,0.7092400496110046,0.20392137705526825,0.6487455197132617,0.6487455197132617,0.9447513812154696,0.17346938775510204,0.9032258064516129,0.6594046491958698,42
0.6953405017921147,0.7038561280865937,0.20288535013094613,0.6487455197132617,0.6487455197132617,0.9502762430939227,0.22448979591836735,0.8888888888888888,0.6500369205052857,43
0.6630824372759857,0.7005017476603901,0.20423112042524597,0.6487455197132617,0.6487455197132617,0.9337016574585635,0.16326530612244897,0.899641577060932,0.6457405794069276,44
0.6415770609318996,0.6650129665125719,0.21324353110777844,0.6487455197132617,0.6487455197132617,0.8839779005524862,0.19387755102040816,0.8566308243727598,0.6551345948763608,45
0.6774193548387096,0.6366839553500958,0.21719039935252082,0.6487455197132617,0.6487455197132617,0.9226519337016574,0.22448979591836735,0.8709677419354839,0.6518872677716989,46
0.6308243727598566,0.6492558349306574,0.21610628301924376,0.6487455197132617,0.6487455197132617,0.8839779005524862,0.16326530612244897,0.8673835125448028,0.6543632219779126,47
0.6774193548387096,0.6808546623069117,0.20736784278476836,0.6487455197132617,0.6487455197132617,0.9337016574585635,0.20408163265306123,0.8853046594982079,0.6596210632360292,48
0.6523297491039427,0.6316382906753861,0.21827861242050528,0.6487455197132617,0.6487455197132617,0.8895027624309392,0.21428571428571427,0.8530465949820788,0.6615864564148507,49
0.6702508960573477,0.6706223926034502,0.2075125075668361,0.6487455197132617,0.6487455197132617,0.9171270718232044,0.21428571428571427,0.8709677419354839,0.658060449159713,50
0.6810035842293907,0.6884936294959974,0.2070728163903699,0.6487455197132617,0.6487455197132617,0.9116022099447514,0.25510204081632654,0.8530465949820788,0.6518139112016732,51
0.6953405017921147,0.6723418649227648,0.20748432587289037,0.6487455197132617,0.6487455197132617,0.9281767955801105,0.2653061224489796,0.8602150537634409,0.6374846123464316,52
0.6523297491039427,0.6629834254143647,0.21285904592874844,0.6487455197132617,0.6487455197132617,0.8950276243093923,0.20408163265306123,0.8602150537634409,0.6424785135095133,53
0.6738351254480287,0.6486638854436803,0.2135457717245508,0.6487455197132617,0.6487455197132617,0.9060773480662984,0.24489795918367346,0.8530465949820788,0.6458321945146908,54
0.6702508960573477,0.6636881271845756,0.21111025744099665,0.6487455197132617,0.6487455197132617,0.9337016574585635,0.1836734693877551,0.8924731182795699,0.6571199604316534,55
0.6774193548387096,0.6246476491148945,0.21779013727761834,0.6487455197132617,0.6487455197132617,0.9171270718232044,0.23469387755102042,0.8637992831541219,0.6620228710224186,56
0.6953405017921147,0.6877043635133612,0.20534188108387214,0.6487455197132617,0.6487455197132617,0.9281767955801105,0.2653061224489796,0.8602150537634409,0.6493043400241624,57
0.6379928315412187,0.6258033600180404,0.2237308731559408,0.6487455197132617,0.6487455197132617,0.8674033149171271,0.21428571428571427,0.8387096774193549,0.6466380979966084,58
0.6451612903225806,0.688860074416507,0.2075050137288182,0.6487455197132617,0.6487455197132617,0.8895027624309392,0.19387755102040816,0.8602150537634409,0.6523904583035867,59
0.6451612903225806,0.6480719359567031,0.21655879813225257,0.6487455197132617,0.6487455197132617,0.8674033149171271,0.23469387755102042,0.8315412186379928,0.65114314829575,60
0.6738351254480287,0.6478182433194273,0.21446241249373116,0.6487455197132617,0.6487455197132617,0.8895027624309392,0.2755102040816326,0.8315412186379928,0.6460775474612012,61
0.6559139784946236,0.6207013192017139,0.21956274556556601,0.6487455197132617,0.6487455197132617,0.8950276243093923,0.21428571428571427,0.8566308243727598,0.6463698243393097,62
0.6630824372759857,0.667549892885331,0.2100082240324007,0.6487455197132617,0.6487455197132617,0.9226519337016574,0.1836734693877551,0.8853046594982079,0.6544317250111279,63
0.6774193548387096,0.6581914533769309,0.21326593553350892,0.6487455197132617,0.6487455197132617,0.9060773480662984,0.25510204081632654,0.8494623655913979,0.6413253573637879,64
0.6810035842293907,0.6644492050964033,0.21125474647877673,0.6487455197132617,0.6487455197132617,0.9337016574585635,0.21428571428571427,0.8817204301075269,0.6569050999718176,65
0.6451612903225806,0.6148100124027511,0.22284556542960812,0.6487455197132617,0.6487455197132617,0.8784530386740331,0.21428571428571427,0.8458781362007168,0.655900129792389,66
0.6881720430107527,0.6506652384710792,0.21317424282451775,0.6487455197132617,0.6487455197132617,0.9281767955801105,0.24489795918367346,0.8673835125448028,0.6560165722566457,67
0.6666666666666666,0.6659713609200586,0.21066463078614991,0.6487455197132617,0.6487455197132617,0.9005524861878453,0.23469387755102042,0.8530465949820788,0.6515425052834559,68
0.6774193548387096,0.6869996617431503,0.21017762188035247,0.6487455197132617,0.6487455197132617,0.8895027624309392,0.2857142857142857,0.8279569892473119,0.6395562177201818,69
0.6845878136200717,0.6845472995828166,0.20517107893777403,0.6487455197132617,0.6487455197132617,0.9060773480662984,0.2755102040816326,0.8422939068100358,0.6357631592145188,70
0.7025089605734767,0.6653794114330815,0.20764939187606238,0.6487455197132617,0.6487455197132617,0.9171270718232044,0.30612244897959184,0.8387096774193549,0.64167282062672,71
0.6917562724014337,0.6649284023001465,0.21044524228826425,0.6487455197132617,0.6487455197132617,0.9392265193370166,0.23469387755102042,0.8781362007168458,0.6547467127059976,72
0.6451612903225806,0.6570639305445936,0.21231755977670955,0.6487455197132617,0.6487455197132617,0.8839779005524862,0.20408163265306123,0.8530465949820788,0.6417835084922708,73
0.6308243727598566,0.637275904837073,0.21672867375292476,0.6487455197132617,0.6487455197132617,0.856353591160221,0.21428571428571427,0.8315412186379928,0.634083541741278,74
0.6666666666666666,0.6729620024805503,0.21130544037158583,0.6487455197132617,0.6487455197132617,0.8950276243093923,0.24489795918367346,0.8458781362007168,0.6479173471249595,75
0.6738351254480287,0.655739091216597,0.2140474782967571,0.6487455197132617,0.6487455197132617,0.8729281767955801,0.30612244897959184,0.8100358422939068,0.6419830231594928,76
0.6810035842293907,0.6686774157176683,0.21016919732934206,0.6487455197132617,0.6487455197132617,0.9226519337016574,0.23469387755102042,0.8673835125448028,0.6458045328687957,77
0.6559139784946236,0.6423779456533995,0.216592117446813,0.6487455197132617,0.6487455197132617,0.9226519337016574,0.16326530612244897,0.8924731182795699,0.6539884876284946,78
0.6881720430107527,0.6765700755440298,0.2098581407293428,0.6487455197132617,0.6487455197132617,0.9337016574585635,0.23469387755102042,0.8745519713261649,0.6580213263751228,79
0.6594982078853047,0.677951291013643,0.2095275454901128,0.6487455197132617,0.6487455197132617,0.9171270718232044,0.1836734693877551,0.8817204301075269,0.6561897084206697,80
0.6774193548387096,0.7160897508174541,0.2031029419762232,0.6487455197132617,0.6487455197132617,0.9226519337016574,0.22448979591836735,0.8709677419354839,0.6487468458015611,81
0.6487455197132617,0.6322302401623633,0.219688285980995,0.6487455197132617,0.6487455197132617,0.8839779005524862,0.21428571428571427,0.8494623655913979,0.6484607157757509,82
0.6559139784946236,0.642603450219867,0.21807606457965484,0.6487455197132617,0.6487455197132617,0.856353591160221,0.2857142857142857,0.8064516129032258,0.6269039712952541,83
0.6989247311827957,0.7140602097192468,0.20151992456791148,0.6487455197132617,0.6487455197132617,0.9558011049723757,0.22448979591836735,0.8924731182795699,0.6482376008996439,84
0.6308243727598566,0.5686943285601533,0.23396923541723028,0.6487455197132617,0.6487455197132617,0.8674033149171271,0.19387755102040816,0.8458781362007168,0.6445649141040477,85
0.6451612903225806,0.6454504453715187,0.21420051318050815,0.6487455197132617,0.6487455197132617,0.8895027624309392,0.19387755102040816,0.8602150537634409,0.654231472792133,86
0.6810035842293907,0.7031514263163827,0.20274714633301197,0.6487455197132617,0.6487455197132617,0.9337016574585635,0.21428571428571427,0.8817204301075269,0.6502170708452384,87
0.6702508960573477,0.6540759950388995,0.21292578101702928,0.6487455197132617,0.6487455197132617,0.9116022099447514,0.22448979591836735,0.8637992831541219,0.6671687543006108,88
0.6738351254480287,0.6617995264404104,0.21155540081458368,0.6487455197132617,0.6487455197132617,0.9281767955801105,0.20408163265306123,0.8817204301075269,0.6606134556605134,89
0.6523297491039427,0.6189536588115909,0.22447325249160086,0.6487455197132617,0.6487455197132617,0.8729281767955801,0.24489795918367346,0.8315412186379928,0.6448916519995563,90
0.6308243727598566,0.6190382230240162,0.22153228413955053,0.6487455197132617,0.6487455197132617,0.8729281767955801,0.1836734693877551,0.8530465949820788,0.6449840412924736,91
0.6630824372759857,0.6504961100462285,0.2135226683588549,0.6487455197132617,0.6487455197132617,0.9060773480662984,0.21428571428571427,0.8637992831541219,0.6498656285615444,92
0.6415770609318996,0.6554290224377044,0.21541356482394675,0.6487455197132617,0.6487455197132617,0.8895027624309392,0.1836734693877551,0.8637992831541219,0.6481445757308796,93
0.6917562724014337,0.6564719810576165,0.21113315485503312,0.6487455197132617,0.6487455197132617,0.9171270718232044,0.2755102040816326,0.8494623655913979,0.6471850750476238,94
0.6666666666666666,0.6769365204645394,0.21068995038556554,0.6487455197132617,0.6487455197132617,0.9502762430939227,0.14285714285714285,0.9175627240143369,0.6758043297611493,95
0.6559139784946236,0.5987710001127522,0.225625078618472,0.6487455197132617,0.6487455197132617,0.8839779005524862,0.23469387755102042,0.8422939068100358,0.6533017749010185,96
0.6774193548387096,0.6745405344458225,0.21104515417921874,0.6487455197132617,0.6487455197132617,0.9502762430939227,0.17346938775510204,0.9068100358422939,0.6520950683170031,97
0.6594982078853047,0.6371631525538392,0.2149247358612683,0.6487455197132617,0.6487455197132617,0.9005524861878453,0.21428571428571427,0.8602150537634409,0.6488097142975504,98
0.6594982078853047,0.6691848009922201,0.21172622398029836,0.6487455197132617,0.6487455197132617,0.8895027624309392,0.23469387755102042,0.8458781362007168,0.6438323601670954,99
